<?xml version="1.0" encoding="UTF-8"?>
<list id="1">
  <org.openmrs.Location id="2" uuid="8d6c993e-c2cc-11de-8d13-0010c6dffd0f">
    <name>Unknown</name>
    <creator/>
    <dateCreated id="3">2005-09-21 21:00:00</dateCreated>
    <changedBy/>
    <dateChanged id="4">2017-04-03 17:46:09</dateChanged>
    <retired>false</retired>
    <attributes id="5"/>
    <locationId>1</locationId>
    <country>Uganda</country>
    <childLocations id="6"/>
    <tags id="7">
      <org.openmrs.LocationTag id="8" uuid="37dd4458-dc9e-4ae6-a1f1-789c1162d37b">
        <name>Visit Location</name>
        <description>Visits are only allowed to happen at locations tagged with this location tag or at locations that descend from a location tagged with this tag.</description>
        <creator/>
        <dateCreated id="9">2013-08-01 23:45:29</dateCreated>
        <changedBy/>
        <dateChanged id="10">2017-04-03 17:46:09</dateChanged>
        <retired>false</retired>
        <locationTagId>4</locationTagId>
      </org.openmrs.LocationTag>
      <org.openmrs.LocationTag id="11" uuid="8d4626ca-7abd-42ad-be48-56767bbcf272">
        <name>Transfer Location</name>
        <description>Patients may only be transferred (within the hospital) to a location with this tag</description>
        <creator/>
        <dateCreated id="12">2013-08-01 23:44:55</dateCreated>
        <changedBy/>
        <dateChanged id="13">2017-04-03 17:46:09</dateChanged>
        <retired>false</retired>
        <locationTagId>3</locationTagId>
      </org.openmrs.LocationTag>
      <org.openmrs.LocationTag id="14" uuid="1c783dca-fd54-4ea8-a0fc-2875374e9cb6">
        <name>Admission Location</name>
        <description>Patients may only be admitted to inpatient care in a location with this tag</description>
        <creator/>
        <dateCreated id="15">2013-08-01 23:43:47</dateCreated>
        <changedBy/>
        <dateChanged id="16">2017-04-03 17:46:09</dateChanged>
        <retired>false</retired>
        <locationTagId>2</locationTagId>
      </org.openmrs.LocationTag>
    </tags>
  </org.openmrs.Location>
  <org.openmrs.Location id="17" uuid="86863db4-6101-4ecf-9a86-5e716d6504e4">
    <name>ART Clinic</name>
    <description>The clinic where ART services are provided</description>
    <creator/>
    <dateCreated id="18">2016-01-26 07:42:45</dateCreated>
    <changedBy/>
    <dateChanged id="19">2017-04-03 17:46:09</dateChanged>
    <retired>false</retired>
    <attributes id="20"/>
    <locationId>6</locationId>
    <country>Uganda</country>
    <parentLocation id="21" resolves-to="org.openmrs.Location" uuid="629d78e9-93e5-43b0-ad8a-48313fd99117">
      <name>Health Center Name</name>
      <description>Health Center Location</description>
      <creator/>
      <dateCreated id="22">2016-03-07 19:15:56</dateCreated>
      <changedBy/>
      <dateChanged id="23">2017-04-03 17:46:11</dateChanged>
      <retired>false</retired>
      <attributes id="24"/>
      <locationId>2</locationId>
      <country>Uganda</country>
      <childLocations id="25">
        <org.openmrs.Location id="26" uuid="ba158c33-dc43-4306-9a4a-b4075751d36c">
          <name>Lab</name>
          <description>Area for carrying out patient tests</description>
          <creator/>
          <dateCreated id="27">2016-02-20 12:16:08</dateCreated>
          <changedBy/>
          <dateChanged id="28">2017-04-03 17:46:09</dateChanged>
          <retired>false</retired>
          <attributes id="29"/>
          <locationId>3</locationId>
          <country>Uganda</country>
          <parentLocation reference="21"/>
          <childLocations id="30"/>
          <tags id="31">
            <org.openmrs.LocationTag id="32" uuid="b8bbf83e-645f-451f-8efe-a0db56f09676">
              <name>Login Location</name>
              <description>When a user logs in and chooses a session location, they may only choose one with this tag</description>
              <creator/>
              <dateCreated id="33">2016-01-26 07:42:45</dateCreated>
              <changedBy/>
              <dateChanged id="34">2017-04-03 17:46:09</dateChanged>
              <retired>false</retired>
              <locationTagId>1</locationTagId>
            </org.openmrs.LocationTag>
          </tags>
        </org.openmrs.Location>
        <org.openmrs.Location id="35" uuid="e9bc61b5-69ff-414b-9cf0-0c22d6dfca2b">
          <name>MCH Clinic</name>
          <description>The clinic where ART services are provided</description>
          <creator/>
          <dateCreated id="36">2016-01-26 07:42:45</dateCreated>
          <changedBy/>
          <dateChanged id="37">2017-04-03 17:46:09</dateChanged>
          <retired>false</retired>
          <attributes id="38"/>
          <locationId>5</locationId>
          <country>Uganda</country>
          <parentLocation reference="21"/>
          <childLocations id="39"/>
          <tags id="40">
            <org.openmrs.LocationTag reference="32"/>
          </tags>
        </org.openmrs.Location>
        <org.openmrs.Location reference="17"/>
        <org.openmrs.Location id="41" uuid="11d5d2b8-0fdd-42e0-9f53-257c760bb9a3">
          <name>OPD Clinic</name>
          <description>Outpatient Clinic</description>
          <creator/>
          <dateCreated id="42">2017-04-03 18:06:48</dateCreated>
          <retired>false</retired>
          <attributes id="43"/>
          <locationId>9</locationId>
          <country>Uganda</country>
          <parentLocation reference="21"/>
          <childLocations id="44"/>
          <tags id="45">
            <org.openmrs.LocationTag reference="8"/>
            <org.openmrs.LocationTag reference="32"/>
          </tags>
        </org.openmrs.Location>
        <org.openmrs.Location id="46" uuid="8f96e239-8586-4ec6-9375-04c6e19628ae">
          <name>SMC Clinic</name>
          <description>Clinic for SMC services</description>
          <creator/>
          <dateCreated id="47">2016-02-20 12:16:36</dateCreated>
          <changedBy/>
          <dateChanged id="48">2017-04-03 17:46:09</dateChanged>
          <retired>false</retired>
          <attributes id="49"/>
          <locationId>4</locationId>
          <country>Uganda</country>
          <parentLocation reference="21"/>
          <childLocations id="50"/>
          <tags id="51">
            <org.openmrs.LocationTag reference="32"/>
          </tags>
        </org.openmrs.Location>
      </childLocations>
      <tags id="52">
        <org.openmrs.LocationTag reference="8"/>
        <org.openmrs.LocationTag reference="11"/>
        <org.openmrs.LocationTag reference="14"/>
      </tags>
    </parentLocation>
    <childLocations id="53"/>
    <tags id="54">
      <org.openmrs.LocationTag reference="32"/>
    </tags>
  </org.openmrs.Location>
  <org.openmrs.Location id="55" uuid="8ab22b55-9a17-4121-bf08-6134a9a2439f">
    <name>TB Clinic</name>
    <description>Clinic where TB Care and Treatment Services are provided</description>
    <creator/>
    <dateCreated id="56">2017-03-08 16:04:14</dateCreated>
    <changedBy/>
    <dateChanged id="57">2017-04-03 04:48:31</dateChanged>
    <retired>false</retired>
    <attributes id="58"/>
    <locationId>8</locationId>
    <childLocations id="59"/>
    <tags id="60">
      <org.openmrs.LocationTag reference="8"/>
      <org.openmrs.LocationTag reference="32"/>
    </tags>
  </org.openmrs.Location>
  <org.openmrs.Location reference="26"/>
  <org.openmrs.Location reference="46"/>
  <org.openmrs.Location reference="41"/>
  <org.openmrs.Location reference="21"/>
  <org.openmrs.Location reference="35"/>
</list>
