<?xml version="1.0" encoding="UTF-8"?>
<list id="1">
  <org.openmrs.Location id="2" uuid="8d6c993e-c2cc-11de-8d13-0010c6dffd0f">
    <name>Health Center Name</name>
    <description>The health center at which services are provided</description>
    <creator/>
    <dateCreated id="3">2005-09-21 21:00:00</dateCreated>
    <changedBy/>
    <dateChanged id="4">2016-02-12 05:51:42</dateChanged>
    <retired>false</retired>
    <attributes id="5"/>
    <locationId>1</locationId>
    <country>Uganda</country>
    <childLocations id="6">
      <org.openmrs.Location id="7" uuid="fd34c74c-5eaa-428b-9d69-8cda8ca971b5">
        <name>ART Clinic</name>
        <description>clinic at which ART services are provided</description>
        <creator/>
        <dateCreated id="8">2016-02-12 05:52:07</dateCreated>
        <retired>false</retired>
        <attributes id="9"/>
        <locationId>2</locationId>
        <country>Uganda</country>
        <parentLocation reference="2"/>
        <childLocations id="10"/>
        <tags id="11">
          <org.openmrs.LocationTag id="12" uuid="b8bbf83e-645f-451f-8efe-a0db56f09676">
            <name>Login Location</name>
            <description>When a user logs in and chooses a session location, they may only choose one with this tag</description>
            <creator/>
            <dateCreated id="13">2013-08-01 23:44:36</dateCreated>
            <changedBy/>
            <dateChanged id="14">2016-02-12 05:45:36</dateChanged>
            <retired>false</retired>
            <locationTagId>1</locationTagId>
          </org.openmrs.LocationTag>
        </tags>
      </org.openmrs.Location>
      <org.openmrs.Location id="15" uuid="eddbf02c-66f8-4fa4-8f7f-7f8df2073a7d">
        <name>Maternity Clinic</name>
        <description>clinic at which ante-natal, maternity and post-natal services are provided. These include services for infants such as EID, nutrition etc</description>
        <creator/>
        <dateCreated id="16">2016-02-12 05:53:39</dateCreated>
        <retired>false</retired>
        <attributes id="17"/>
        <locationId>4</locationId>
        <country>Uganda</country>
        <parentLocation reference="2"/>
        <childLocations id="18"/>
        <tags id="19">
          <org.openmrs.LocationTag reference="12"/>
        </tags>
      </org.openmrs.Location>
      <org.openmrs.Location id="20" uuid="dff235b7-ede4-4e49-a954-b2cf714a5edc">
        <name>Labortatory</name>
        <description>Where lab tests are carried out</description>
        <creator/>
        <dateCreated id="21">2016-02-12 05:52:42</dateCreated>
        <changedBy/>
        <dateChanged id="22">2016-02-12 05:53:47</dateChanged>
        <retired>false</retired>
        <attributes id="23"/>
        <locationId>3</locationId>
        <country>Uganda</country>
        <parentLocation reference="2"/>
        <childLocations id="24"/>
        <tags id="25">
          <org.openmrs.LocationTag reference="12"/>
        </tags>
      </org.openmrs.Location>
      <org.openmrs.Location id="26" uuid="91a03d95-8ea8-486a-a342-5a94c110cff8">
        <name>Outpatient Clinic</name>
        <description>General outpatient services provided includes safe Male Circumcision</description>
        <creator/>
        <dateCreated id="27">2016-02-12 05:55:35</dateCreated>
        <retired>false</retired>
        <attributes id="28"/>
        <locationId>5</locationId>
        <country>Uganda</country>
        <parentLocation reference="2"/>
        <childLocations id="29"/>
        <tags id="30">
          <org.openmrs.LocationTag reference="12"/>
        </tags>
      </org.openmrs.Location>
    </childLocations>
    <tags id="31">
      <org.openmrs.LocationTag id="32" uuid="1c783dca-fd54-4ea8-a0fc-2875374e9cb6">
        <name>Admission Location</name>
        <description>Patients may only be admitted to inpatient care in a location with this tag</description>
        <creator/>
        <dateCreated id="33">2013-08-01 23:43:47</dateCreated>
        <retired>false</retired>
        <locationTagId>2</locationTagId>
      </org.openmrs.LocationTag>
      <org.openmrs.LocationTag id="34" uuid="8d4626ca-7abd-42ad-be48-56767bbcf272">
        <name>Transfer Location</name>
        <description>Patients may only be transferred (within the hospital) to a location with this tag</description>
        <creator/>
        <dateCreated id="35">2013-08-01 23:44:55</dateCreated>
        <retired>false</retired>
        <locationTagId>3</locationTagId>
      </org.openmrs.LocationTag>
      <org.openmrs.LocationTag id="36" uuid="37dd4458-dc9e-4ae6-a1f1-789c1162d37b">
        <name>Visit Location</name>
        <description>Visits are only allowed to happen at locations tagged with this location tag or at locations that descend from a location tagged with this tag.</description>
        <creator/>
        <dateCreated id="37">2013-08-01 23:45:29</dateCreated>
        <retired>false</retired>
        <locationTagId>4</locationTagId>
      </org.openmrs.LocationTag>
    </tags>
  </org.openmrs.Location>
  <org.openmrs.Location reference="26"/>
  <org.openmrs.Location reference="20"/>
  <org.openmrs.Location reference="15"/>
  <org.openmrs.Location reference="7"/>
  <org.openmrs.LocationTag reference="32"/>
  <org.openmrs.LocationTag reference="36"/>
  <org.openmrs.LocationTag reference="34"/>
  <org.openmrs.LocationTag reference="12"/>
</list>
