<?xml version="1.0" encoding="UTF-8"?>
<list id="1">
  <org.openmrs.Location id="2" uuid="8d6c993e-c2cc-11de-8d13-0010c6dffd0f">
    <name>Health Center Name</name>
    <description>The health center at which services are provided</description>
    <creator/>
    <dateCreated id="3">2005-09-21 21:00:00</dateCreated>
    <changedBy/>
    <dateChanged id="4">2016-02-16 13:52:43</dateChanged>
    <retired>false</retired>
    <attributes id="5"/>
    <locationId>1</locationId>
    <country>Uganda</country>
    <childLocations id="6">
      <org.openmrs.Location id="7" uuid="fd34c74c-5eaa-428b-9d69-8cda8ca971b5">
        <name>ART Clinic</name>
        <description>Clinic at which ART services are provided</description>
        <creator/>
        <dateCreated id="8">2016-02-12 05:52:07</dateCreated>
        <changedBy/>
        <dateChanged id="9">2016-02-16 15:39:23</dateChanged>
        <retired>false</retired>
        <attributes id="10"/>
        <locationId>2</locationId>
        <country>Uganda</country>
        <parentLocation reference="2"/>
        <childLocations id="11"/>
        <tags id="12">
          <org.openmrs.LocationTag id="13" uuid="b8bbf83e-645f-451f-8efe-a0db56f09676">
            <name>Login Location</name>
            <description>When a user logs in and chooses a session location, they may only choose one with this tag</description>
            <creator/>
            <dateCreated id="14">2013-08-01 23:44:36</dateCreated>
            <changedBy/>
            <dateChanged id="15">2016-02-16 13:52:43</dateChanged>
            <retired>false</retired>
            <locationTagId>1</locationTagId>
          </org.openmrs.LocationTag>
        </tags>
      </org.openmrs.Location>
      <org.openmrs.Location id="16" uuid="eddbf02c-66f8-4fa4-8f7f-7f8df2073a7d">
        <name>Maternity Clinic</name>
        <description>Clinic at which ante-natal, maternity and post-natal services are provided. These include services for infants such as EID, nutrition etc</description>
        <creator/>
        <dateCreated id="17">2016-02-12 05:53:39</dateCreated>
        <changedBy/>
        <dateChanged id="18">2016-02-16 15:39:07</dateChanged>
        <retired>false</retired>
        <attributes id="19"/>
        <locationId>3</locationId>
        <country>Uganda</country>
        <parentLocation reference="2"/>
        <childLocations id="20"/>
        <tags id="21">
          <org.openmrs.LocationTag reference="13"/>
        </tags>
      </org.openmrs.Location>
      <org.openmrs.Location id="22" uuid="dff235b7-ede4-4e49-a954-b2cf714a5edc">
        <name>Laboratory</name>
        <description>Where lab tests are carried out, may include outreach for HTS testing</description>
        <creator/>
        <dateCreated id="23">2016-02-12 05:52:42</dateCreated>
        <changedBy/>
        <dateChanged id="24">2016-02-16 15:38:50</dateChanged>
        <retired>false</retired>
        <attributes id="25"/>
        <locationId>4</locationId>
        <country>Uganda</country>
        <parentLocation reference="2"/>
        <childLocations id="26"/>
        <tags id="27">
          <org.openmrs.LocationTag reference="13"/>
        </tags>
      </org.openmrs.Location>
      <org.openmrs.Location id="28" uuid="91a03d95-8ea8-486a-a342-5a94c110cff8">
        <name>Outpatient Clinic</name>
        <description>General outpatient services provided includes safe Male Circumcision</description>
        <creator/>
        <dateCreated id="29">2016-02-12 05:55:35</dateCreated>
        <retired>false</retired>
        <attributes id="30"/>
        <locationId>5</locationId>
        <country>Uganda</country>
        <parentLocation reference="2"/>
        <childLocations id="31"/>
        <tags id="32">
          <org.openmrs.LocationTag reference="13"/>
        </tags>
      </org.openmrs.Location>
    </childLocations>
    <tags id="33">
      <org.openmrs.LocationTag id="34" uuid="1c783dca-fd54-4ea8-a0fc-2875374e9cb6">
        <name>Admission Location</name>
        <description>Patients may only be admitted to inpatient care in a location with this tag</description>
        <creator/>
        <dateCreated id="35">2013-08-01 23:43:47</dateCreated>
        <changedBy/>
        <dateChanged id="36">2016-02-16 13:52:43</dateChanged>
        <retired>false</retired>
        <locationTagId>2</locationTagId>
      </org.openmrs.LocationTag>
      <org.openmrs.LocationTag id="37" uuid="8d4626ca-7abd-42ad-be48-56767bbcf272">
        <name>Transfer Location</name>
        <description>Patients may only be transferred (within the hospital) to a location with this tag</description>
        <creator/>
        <dateCreated id="38">2013-08-01 23:44:55</dateCreated>
        <changedBy/>
        <dateChanged id="39">2016-02-16 13:52:43</dateChanged>
        <retired>false</retired>
        <locationTagId>3</locationTagId>
      </org.openmrs.LocationTag>
      <org.openmrs.LocationTag id="40" uuid="37dd4458-dc9e-4ae6-a1f1-789c1162d37b">
        <name>Visit Location</name>
        <description>Visits are only allowed to happen at locations tagged with this location tag or at locations that descend from a location tagged with this tag.</description>
        <creator/>
        <dateCreated id="41">2013-08-01 23:45:29</dateCreated>
        <changedBy/>
        <dateChanged id="42">2016-02-16 13:52:43</dateChanged>
        <retired>false</retired>
        <locationTagId>4</locationTagId>
      </org.openmrs.LocationTag>
    </tags>
  </org.openmrs.Location>
  <org.openmrs.Location reference="28"/>
  <org.openmrs.Location reference="22"/>
  <org.openmrs.Location reference="16"/>
  <org.openmrs.Location reference="7"/>
  <org.openmrs.LocationTag reference="34"/>
  <org.openmrs.LocationTag reference="40"/>
  <org.openmrs.LocationTag reference="37"/>
  <org.openmrs.LocationTag reference="13"/>
</list>
