<?xml version="1.0" encoding="UTF-8"?>
<package id="1" uuid="b63bf16b-12af-47af-a58f-672b24ce17fc">
  <dateCreated id="2">2017-04-04 03:22:36</dateCreated>
  <name>Uganda_Encounter_Types</name>
  <description>Uganda Encounter Types</description>
  <openmrsVersion>1.11.7  Build 683779</openmrsVersion>
  <version>1</version>
  <groupUuid>437c8463-b04a-4881-90de-ee6f94960154</groupUuid>
  <modules id="3">
    <entry>
      <string>calculation</string>
      <string>1.2</string>
    </entry>
    <entry>
      <string>dhisconnector</string>
      <string>0.1.4-SNAPSHOT</string>
    </entry>
    <entry>
      <string>referenceapplication</string>
      <string>2.5</string>
    </entry>
    <entry>
      <string>metadatadeploy</string>
      <string>1.7</string>
    </entry>
    <entry>
      <string>appointmentscheduling</string>
      <string>1.5</string>
    </entry>
    <entry>
      <string>ugandaemrreports</string>
      <string>1.1-SNAPSHOT</string>
    </entry>
    <entry>
      <string>atlas</string>
      <string>2.2</string>
    </entry>
    <entry>
      <string>metadatasharing</string>
      <string>1.2.3-SNAPSHOT</string>
    </entry>
    <entry>
      <string>databasebackup</string>
      <string>1.2.5</string>
    </entry>
    <entry>
      <string>allergyui</string>
      <string>1.5</string>
    </entry>
    <entry>
      <string>formentryapp</string>
      <string>1.2</string>
    </entry>
    <entry>
      <string>chartsearch</string>
      <string>1.6</string>
    </entry>
    <entry>
      <string>providermanagement</string>
      <string>2.4</string>
    </entry>
    <entry>
      <string>htmlwidgets</string>
      <string>1.7.2</string>
    </entry>
    <entry>
      <string>dataexchange</string>
      <string>1.3.2</string>
    </entry>
    <entry>
      <string>addresshierarchy</string>
      <string>2.9</string>
    </entry>
    <entry>
      <string>reportingrest</string>
      <string>1.6</string>
    </entry>
    <entry>
      <string>uiframework</string>
      <string>3.9</string>
    </entry>
    <entry>
      <string>reportingui</string>
      <string>1.2</string>
    </entry>
    <entry>
      <string>referencemetadata</string>
      <string>2.5.0</string>
    </entry>
    <entry>
      <string>event</string>
      <string>2.5</string>
    </entry>
    <entry>
      <string>uicommons</string>
      <string>2.1</string>
    </entry>
    <entry>
      <string>reporting</string>
      <string>0.10.4</string>
    </entry>
    <entry>
      <string>emrapi</string>
      <string>1.19</string>
    </entry>
    <entry>
      <string>registrationapp</string>
      <string>1.6</string>
    </entry>
    <entry>
      <string>xforms</string>
      <string>4.3.9</string>
    </entry>
    <entry>
      <string>idgen</string>
      <string>4.4.0</string>
    </entry>
    <entry>
      <string>htmlformentryui</string>
      <string>1.6.2-SNAPSHOT</string>
    </entry>
    <entry>
      <string>htmlformentry</string>
      <string>3.3.1</string>
    </entry>
    <entry>
      <string>allergyapi</string>
      <string>1.4</string>
    </entry>
    <entry>
      <string>reportingcompatibility</string>
      <string>1.5.11</string>
    </entry>
    <entry>
      <string>uilibrary</string>
      <string>2.0.4</string>
    </entry>
    <entry>
      <string>appframework</string>
      <string>2.9</string>
    </entry>
    <entry>
      <string>dataintegrity</string>
      <string>4.2.3</string>
    </entry>
    <entry>
      <string>webservices.rest</string>
      <string>2.14.dc38aa</string>
    </entry>
    <entry>
      <string>adminui</string>
      <string>1.1</string>
    </entry>
    <entry>
      <string>dhisreport</string>
      <string>2.0</string>
    </entry>
    <entry>
      <string>registrationcore</string>
      <string>1.6</string>
    </entry>
    <entry>
      <string>owa</string>
      <string>1.6.2</string>
    </entry>
    <entry>
      <string>metadatamapping</string>
      <string>1.2.0</string>
    </entry>
    <entry>
      <string>aijar</string>
      <string>1.0.15-SNAPSHOT</string>
    </entry>
    <entry>
      <string>coreapps</string>
      <string>1.11.2-SNAPSHOT</string>
    </entry>
    <entry>
      <string>appui</string>
      <string>1.7</string>
    </entry>
    <entry>
      <string>serialization.xstream</string>
      <string>0.2.12</string>
    </entry>
  </modules>
  <items class="linked-hash-set" id="4">
    <org.openmrs.module.metadatasharing.Item id="5" uuid="214e27a1-606a-4b1e-a96e-d736c87069d5">
      <id>10</id>
      <classname>org.openmrs.EncounterType</classname>
      <dateChanged id="6">2016-04-05 13:43:20</dateChanged>
      <retired>false</retired>
    </org.openmrs.module.metadatasharing.Item>
    <org.openmrs.module.metadatasharing.Item id="7" uuid="7b68d557-85ef-4fc8-b767-4fa4f5eb5c23">
      <id>7</id>
      <classname>org.openmrs.EncounterType</classname>
      <dateChanged id="8">2013-08-01 18:28:10</dateChanged>
      <retired>false</retired>
    </org.openmrs.module.metadatasharing.Item>
    <org.openmrs.module.metadatasharing.Item id="9" uuid="4345dacb-909d-429c-99aa-045f2db77e2b">
      <id>13</id>
      <classname>org.openmrs.EncounterType</classname>
      <dateChanged id="10">2016-04-05 13:43:20</dateChanged>
      <retired>false</retired>
    </org.openmrs.module.metadatasharing.Item>
    <org.openmrs.module.metadatasharing.Item id="11" uuid="8d5b2be0-c2cc-11de-8d13-0010c6dffd0f">
      <id>16</id>
      <classname>org.openmrs.EncounterType</classname>
      <dateChanged id="12">2016-04-05 13:43:20</dateChanged>
      <retired>false</retired>
    </org.openmrs.module.metadatasharing.Item>
    <org.openmrs.module.metadatasharing.Item id="13" uuid="8d5b27bc-c2cc-11de-8d13-0010c6dffd0f">
      <id>15</id>
      <classname>org.openmrs.EncounterType</classname>
      <dateChanged id="14">2016-04-05 13:43:19</dateChanged>
      <retired>false</retired>
    </org.openmrs.module.metadatasharing.Item>
    <org.openmrs.module.metadatasharing.Item id="15" uuid="fa6f3ff5-b784-43fb-ab35-a08ab7dbf074">
      <id>8</id>
      <classname>org.openmrs.EncounterType</classname>
      <dateChanged id="16">2017-02-28 17:59:24</dateChanged>
      <retired>false</retired>
    </org.openmrs.module.metadatasharing.Item>
    <org.openmrs.module.metadatasharing.Item id="17" uuid="67a71486-1a54-468f-ac3e-7091a9a79584">
      <id>2</id>
      <classname>org.openmrs.EncounterType</classname>
      <dateChanged id="18">2013-08-12 12:08:05</dateChanged>
      <retired>false</retired>
    </org.openmrs.module.metadatasharing.Item>
    <org.openmrs.module.metadatasharing.Item id="19" uuid="244da86d-f80e-48fe-aba9-067f241905ee">
      <id>11</id>
      <classname>org.openmrs.EncounterType</classname>
      <dateChanged id="20">2016-04-05 13:43:20</dateChanged>
      <retired>false</retired>
    </org.openmrs.module.metadatasharing.Item>
    <org.openmrs.module.metadatasharing.Item id="21" uuid="25a042b2-60bc-4940-a909-debd098b7d82">
      <id>6</id>
      <classname>org.openmrs.EncounterType</classname>
      <dateChanged id="22">2013-08-02 05:14:43</dateChanged>
      <retired>false</retired>
    </org.openmrs.module.metadatasharing.Item>
    <org.openmrs.module.metadatasharing.Item id="23" uuid="455bad1f-5e97-4ee9-9558-ff1df8808732">
      <id>20</id>
      <classname>org.openmrs.EncounterType</classname>
      <dateChanged id="24">2017-04-03 04:48:15</dateChanged>
      <retired>false</retired>
    </org.openmrs.module.metadatasharing.Item>
    <org.openmrs.module.metadatasharing.Item id="25" uuid="4cc49b5d-b523-4c0c-992e-17fbc35b60de">
      <id>21</id>
      <classname>org.openmrs.EncounterType</classname>
      <dateChanged id="26">2017-02-23 07:27:20</dateChanged>
      <retired>false</retired>
    </org.openmrs.module.metadatasharing.Item>
    <org.openmrs.module.metadatasharing.Item id="27" uuid="181820aa-88c9-479b-9077-af92f5364329">
      <id>3</id>
      <classname>org.openmrs.EncounterType</classname>
      <dateChanged id="28">2013-08-01 18:27:50</dateChanged>
      <retired>false</retired>
    </org.openmrs.module.metadatasharing.Item>
    <org.openmrs.module.metadatasharing.Item id="29" uuid="264daIZd-f80e-48fe-nba9-P37f2W1905Pv">
      <id>12</id>
      <classname>org.openmrs.EncounterType</classname>
      <dateChanged id="30">2016-04-05 13:43:20</dateChanged>
      <retired>false</retired>
    </org.openmrs.module.metadatasharing.Item>
    <org.openmrs.module.metadatasharing.Item id="31" uuid="334bf97e-28e2-4a27-8727-a5ce31c7cd66">
      <id>19</id>
      <classname>org.openmrs.EncounterType</classname>
      <dateChanged id="32">2017-02-23 07:27:20</dateChanged>
      <retired>false</retired>
    </org.openmrs.module.metadatasharing.Item>
    <org.openmrs.module.metadatasharing.Item id="33" uuid="ee4780f5-b5eb-423b-932f-00b5879df5ab">
      <id>22</id>
      <classname>org.openmrs.EncounterType</classname>
      <dateChanged id="34">2017-04-03 18:05:27</dateChanged>
      <retired>false</retired>
    </org.openmrs.module.metadatasharing.Item>
    <org.openmrs.module.metadatasharing.Item id="35" uuid="9fcfcc91-ad60-4d84-9710-11cc25258719">
      <id>17</id>
      <classname>org.openmrs.EncounterType</classname>
      <dateChanged id="36">2016-04-05 13:43:20</dateChanged>
      <retired>false</retired>
    </org.openmrs.module.metadatasharing.Item>
    <org.openmrs.module.metadatasharing.Item id="37" uuid="d7151f82-c1f3-4152-a605-2f9ea7414a79">
      <id>5</id>
      <classname>org.openmrs.EncounterType</classname>
      <dateChanged id="38">2013-08-02 05:16:06</dateChanged>
      <retired>false</retired>
    </org.openmrs.module.metadatasharing.Item>
    <org.openmrs.module.metadatasharing.Item id="39" uuid="e22e39fd-7db2-45e7-80f1-60fa0d5a4378">
      <id>4</id>
      <classname>org.openmrs.EncounterType</classname>
      <dateChanged id="40">2013-08-01 18:27:27</dateChanged>
      <retired>false</retired>
    </org.openmrs.module.metadatasharing.Item>
    <org.openmrs.module.metadatasharing.Item id="41" uuid="ca3aed11-1aa4-42a1-b85c-8332fc8001fc">
      <id>1</id>
      <classname>org.openmrs.EncounterType</classname>
      <dateChanged id="42">2013-08-02 05:13:23</dateChanged>
      <retired>false</retired>
    </org.openmrs.module.metadatasharing.Item>
    <org.openmrs.module.metadatasharing.Item id="43" uuid="a9f11592-22e7-45fc-904d-dfe24cb1fc67">
      <id>18</id>
      <classname>org.openmrs.EncounterType</classname>
      <dateChanged id="44">2016-04-05 13:43:20</dateChanged>
      <retired>false</retired>
    </org.openmrs.module.metadatasharing.Item>
    <org.openmrs.module.metadatasharing.Item id="45" uuid="6d88e370-f2ba-476b-bf1b-d8eaf3b1b67e">
      <id>14</id>
      <classname>org.openmrs.EncounterType</classname>
      <dateChanged id="46">2016-04-05 13:43:20</dateChanged>
      <retired>false</retired>
    </org.openmrs.module.metadatasharing.Item>
    <org.openmrs.module.metadatasharing.Item id="47" uuid="044daI6d-f80e-48fe-aba9-037f241905Pe">
      <id>9</id>
      <classname>org.openmrs.EncounterType</classname>
      <dateChanged id="48">2016-04-05 13:43:20</dateChanged>
      <retired>false</retired>
    </org.openmrs.module.metadatasharing.Item>
  </items>
  <relatedItems class="linked-hash-set" id="49"/>
</package>
