<?xml version="1.0" encoding="UTF-8"?>
<list id="1">
  <org.openmrs.EncounterType id="2" uuid="214e27a1-606a-4b1e-a96e-d736c87069d5">
    <name>LAB Encounter</name>
    <description>Lab Encounter</description>
    <creator/>
    <dateCreated id="3">2016-04-05 13:43:20</dateCreated>
    <retired>false</retired>
    <encounterTypeId>10</encounterTypeId>
  </org.openmrs.EncounterType>
  <org.openmrs.EncounterType id="4" uuid="7b68d557-85ef-4fc8-b767-4fa4f5eb5c23">
    <name>Transfer</name>
    <description>Indicates that a patient is being transferred into a different department within the hospital. (Transfers out of the hospital should not use this encounter type.)</description>
    <creator/>
    <dateCreated id="5">2013-08-01 18:28:10</dateCreated>
    <retired>false</retired>
    <encounterTypeId>7</encounterTypeId>
  </org.openmrs.EncounterType>
  <org.openmrs.EncounterType id="6" uuid="4345dacb-909d-429c-99aa-045f2db77e2b">
    <name>EID Card - Encounter</name>
    <description>Outpatient Child Return Visit</description>
    <creator/>
    <dateCreated id="7">2016-04-05 13:43:20</dateCreated>
    <retired>false</retired>
    <encounterTypeId>13</encounterTypeId>
  </org.openmrs.EncounterType>
  <org.openmrs.EncounterType id="8" uuid="8d5b2be0-c2cc-11de-8d13-0010c6dffd0f">
    <name>ART Card - Encounter</name>
    <description>Outpatient Adult &amp; Child Return Visit</description>
    <creator/>
    <dateCreated id="9">2016-04-05 13:43:20</dateCreated>
    <retired>false</retired>
    <encounterTypeId>16</encounterTypeId>
  </org.openmrs.EncounterType>
  <org.openmrs.EncounterType id="10" uuid="8d5b27bc-c2cc-11de-8d13-0010c6dffd0f">
    <name>ART Card - Summary</name>
    <description>Outpatient Adult Initial Visit</description>
    <creator/>
    <dateCreated id="11">2016-04-05 13:43:19</dateCreated>
    <retired>false</retired>
    <encounterTypeId>15</encounterTypeId>
  </org.openmrs.EncounterType>
  <org.openmrs.EncounterType id="12" uuid="fa6f3ff5-b784-43fb-ab35-a08ab7dbf074">
    <name>PNC - Encounter</name>
    <description>An encounter when a patient gets PNC services</description>
    <creator/>
    <dateCreated id="13">2017-02-28 17:59:24</dateCreated>
    <retired>false</retired>
    <encounterTypeId>8</encounterTypeId>
  </org.openmrs.EncounterType>
  <org.openmrs.EncounterType id="14" uuid="67a71486-1a54-468f-ac3e-7091a9a79584">
    <name>Vitals</name>
    <description>For capturing vital signs</description>
    <creator/>
    <dateCreated id="15">2013-08-12 12:08:05</dateCreated>
    <retired>false</retired>
    <encounterTypeId>2</encounterTypeId>
  </org.openmrs.EncounterType>
  <org.openmrs.EncounterType id="16" uuid="244da86d-f80e-48fe-aba9-067f241905ee">
    <name>SMC - Encounter</name>
    <description>An encounter when a patient gets SMC services</description>
    <creator/>
    <dateCreated id="17">2016-04-05 13:43:20</dateCreated>
    <retired>false</retired>
    <encounterTypeId>11</encounterTypeId>
  </org.openmrs.EncounterType>
  <org.openmrs.EncounterType id="18" uuid="25a042b2-60bc-4940-a909-debd098b7d82">
    <name>Check Out</name>
    <description>The patient is explicitly leaving the hospital/clinic. (Usually no formal encounter is captured for this.)</description>
    <creator/>
    <dateCreated id="19">2013-08-02 05:14:43</dateCreated>
    <retired>false</retired>
    <encounterTypeId>6</encounterTypeId>
  </org.openmrs.EncounterType>
  <org.openmrs.EncounterType id="20" uuid="455bad1f-5e97-4ee9-9558-ff1df8808732">
    <name>TB Followup (Encounter)</name>
    <description>An encounter for a return visit to the TB clinic</description>
    <creator/>
    <dateCreated id="21">2017-04-03 04:48:15</dateCreated>
    <retired>false</retired>
    <encounterTypeId>20</encounterTypeId>
  </org.openmrs.EncounterType>
  <org.openmrs.EncounterType id="22" uuid="4cc49b5d-b523-4c0c-992e-17fbc35b60de">
    <name>TB Discontinuation</name>
    <description>An encounter for a patient discontinued from the TB program</description>
    <creator/>
    <dateCreated id="23">2017-02-23 07:27:20</dateCreated>
    <retired>false</retired>
    <encounterTypeId>21</encounterTypeId>
  </org.openmrs.EncounterType>
  <org.openmrs.EncounterType id="24" uuid="181820aa-88c9-479b-9077-af92f5364329">
    <name>Discharge</name>
    <description>Indicates that a patient&apos;s inpatient care at the hospital is ending, and they are expected to leave soon.</description>
    <creator/>
    <dateCreated id="25">2013-08-01 18:27:50</dateCreated>
    <retired>false</retired>
    <encounterTypeId>3</encounterTypeId>
  </org.openmrs.EncounterType>
  <org.openmrs.EncounterType id="26" uuid="264daIZd-f80e-48fe-nba9-P37f2W1905Pv">
    <name>HTC - Encounter</name>
    <description>An encounter when a patient gets HCT services</description>
    <creator/>
    <dateCreated id="27">2016-04-05 13:43:20</dateCreated>
    <retired>false</retired>
    <encounterTypeId>12</encounterTypeId>
  </org.openmrs.EncounterType>
  <org.openmrs.EncounterType id="28" uuid="334bf97e-28e2-4a27-8727-a5ce31c7cd66">
    <name>TB Enrollment(Summary)</name>
    <description>An encounter for the initial visit to the TB clinic</description>
    <creator/>
    <dateCreated id="29">2017-02-23 07:27:20</dateCreated>
    <retired>false</retired>
    <encounterTypeId>19</encounterTypeId>
  </org.openmrs.EncounterType>
  <org.openmrs.EncounterType id="30" uuid="ee4780f5-b5eb-423b-932f-00b5879df5ab">
    <name>OPD Encounter</name>
    <description>Outpatient Clinical Ecnounter</description>
    <creator/>
    <dateCreated id="31">2017-04-03 18:05:27</dateCreated>
    <retired>false</retired>
    <encounterTypeId>22</encounterTypeId>
  </org.openmrs.EncounterType>
  <org.openmrs.EncounterType id="32" uuid="9fcfcc91-ad60-4d84-9710-11cc25258719">
    <name>EID Card - Summary</name>
    <description>Outpatient Children Initial Visit</description>
    <creator/>
    <dateCreated id="33">2016-04-05 13:43:20</dateCreated>
    <retired>false</retired>
    <encounterTypeId>17</encounterTypeId>
  </org.openmrs.EncounterType>
  <org.openmrs.EncounterType id="34" uuid="d7151f82-c1f3-4152-a605-2f9ea7414a79">
    <name>Visit Note</name>
    <description>Encounter where a full or abbreviated examination is done, usually leading to a presumptive or confirmed diagnosis, recorded by the examining clinician.</description>
    <creator/>
    <dateCreated id="35">2013-08-02 05:16:06</dateCreated>
    <retired>false</retired>
    <encounterTypeId>5</encounterTypeId>
  </org.openmrs.EncounterType>
  <org.openmrs.EncounterType id="36" uuid="e22e39fd-7db2-45e7-80f1-60fa0d5a4378">
    <name>Admission</name>
    <description>Indicates that the patient has been admitted for inpatient care, and is not expected to leave the hospital unless discharged.</description>
    <creator/>
    <dateCreated id="37">2013-08-01 18:27:27</dateCreated>
    <retired>false</retired>
    <encounterTypeId>4</encounterTypeId>
  </org.openmrs.EncounterType>
  <org.openmrs.EncounterType id="38" uuid="ca3aed11-1aa4-42a1-b85c-8332fc8001fc">
    <name>Check In</name>
    <description>Indicates the patient has done the required paperwork and check-in to begin a visit to the clinic/hospital.</description>
    <creator/>
    <dateCreated id="39">2013-08-02 05:13:23</dateCreated>
    <retired>false</retired>
    <encounterTypeId>1</encounterTypeId>
  </org.openmrs.EncounterType>
  <org.openmrs.EncounterType id="40" uuid="a9f11592-22e7-45fc-904d-dfe24cb1fc67">
    <name>Maternity - Encounter</name>
    <description>When a mother comes to a health facility to deliver</description>
    <creator/>
    <dateCreated id="41">2016-04-05 13:43:20</dateCreated>
    <retired>false</retired>
    <encounterTypeId>18</encounterTypeId>
  </org.openmrs.EncounterType>
  <org.openmrs.EncounterType id="42" uuid="6d88e370-f2ba-476b-bf1b-d8eaf3b1b67e">
    <name>ART Card - Health Education Encounter</name>
    <description>An Health education encounter created when a patient gets health education</description>
    <creator/>
    <dateCreated id="43">2016-04-05 13:43:20</dateCreated>
    <retired>false</retired>
    <encounterTypeId>14</encounterTypeId>
  </org.openmrs.EncounterType>
  <org.openmrs.EncounterType id="44" uuid="044daI6d-f80e-48fe-aba9-037f241905Pe">
    <name>ANC - Encounter</name>
    <description>An encounter when a patient gets ANC services</description>
    <creator/>
    <dateCreated id="45">2016-04-05 13:43:20</dateCreated>
    <retired>false</retired>
    <encounterTypeId>9</encounterTypeId>
  </org.openmrs.EncounterType>
</list>
