<?xml version="1.0" encoding="UTF-8"?>
<package id="1" uuid="10467033-80d7-4962-8e34-7933cad6bb7d">
  <dateCreated id="2">2016-02-25 13:22:15</dateCreated>
  <name>Location and Location Tags</name>
  <description>Locations and Location tags - moved the SMC Clinic to be a child of the default location</description>
  <openmrsVersion>1.11.6 SNAPSHOT Build fd2921</openmrsVersion>
  <version>2</version>
  <groupUuid>58fec65c-8f1d-4848-a71d-67d65d3a9749</groupUuid>
  <modules id="3">
    <entry>
      <string>uilibrary</string>
      <string>2.0.4</string>
    </entry>
    <entry>
      <string>dataexchange</string>
      <string>1.3.1</string>
    </entry>
    <entry>
      <string>appointmentscheduling</string>
      <string>1.4</string>
    </entry>
    <entry>
      <string>webservices.rest</string>
      <string>2.12.474b25</string>
    </entry>
    <entry>
      <string>uicommons</string>
      <string>1.7</string>
    </entry>
    <entry>
      <string>htmlformentry</string>
      <string>2.6</string>
    </entry>
    <entry>
      <string>appointmentschedulingui</string>
      <string>1.0.3</string>
    </entry>
    <entry>
      <string>allergyapi</string>
      <string>1.3</string>
    </entry>
    <entry>
      <string>calculation</string>
      <string>1.1</string>
    </entry>
    <entry>
      <string>providermanagement</string>
      <string>2.3</string>
    </entry>
    <entry>
      <string>chartsearch</string>
      <string>1.4.1</string>
    </entry>
    <entry>
      <string>event</string>
      <string>2.2.1</string>
    </entry>
    <entry>
      <string>coreapps</string>
      <string>1.10-SNAPSHOT</string>
    </entry>
    <entry>
      <string>formfilter</string>
      <string>1.0.0</string>
    </entry>
    <entry>
      <string>htmlformentry19ext</string>
      <string>1.6.1</string>
    </entry>
    <entry>
      <string>registrationcore</string>
      <string>1.3</string>
    </entry>
    <entry>
      <string>addresshierarchy</string>
      <string>2.7</string>
    </entry>
    <entry>
      <string>serialization.xstream</string>
      <string>0.2.9</string>
    </entry>
    <entry>
      <string>htmlwidgets</string>
      <string>1.7.0</string>
    </entry>
    <entry>
      <string>aijar</string>
      <string>1.0-SNAPSHOT</string>
    </entry>
    <entry>
      <string>referenceapplication</string>
      <string>2.4-SNAPSHOT</string>
    </entry>
    <entry>
      <string>appui</string>
      <string>1.4</string>
    </entry>
    <entry>
      <string>validation</string>
      <string>1.0.1</string>
    </entry>
    <entry>
      <string>metadatadeploy</string>
      <string>1.7</string>
    </entry>
    <entry>
      <string>uiframework</string>
      <string>3.6-SNAPSHOT</string>
    </entry>
    <entry>
      <string>adminui</string>
      <string>1.0</string>
    </entry>
    <entry>
      <string>metadatamapping</string>
      <string>1.0.2</string>
    </entry>
    <entry>
      <string>referencemetadata</string>
      <string>2.3.1</string>
    </entry>
    <entry>
      <string>reportingrest</string>
      <string>1.5</string>
    </entry>
    <entry>
      <string>appframework</string>
      <string>2.7</string>
    </entry>
    <entry>
      <string>htmlformentryui</string>
      <string>1.3</string>
    </entry>
    <entry>
      <string>registrationapp</string>
      <string>1.4</string>
    </entry>
    <entry>
      <string>emrapi</string>
      <string>1.12</string>
    </entry>
    <entry>
      <string>allergyui</string>
      <string>1.2</string>
    </entry>
    <entry>
      <string>idgen</string>
      <string>3.2</string>
    </entry>
    <entry>
      <string>databasebackup</string>
      <string>1.1</string>
    </entry>
    <entry>
      <string>reporting</string>
      <string>0.9.8.1</string>
    </entry>
    <entry>
      <string>metadatasharing</string>
      <string>1.2-SNAPSHOT</string>
    </entry>
    <entry>
      <string>formentryapp</string>
      <string>1.2</string>
    </entry>
    <entry>
      <string>atlas</string>
      <string>2.2-SNAPSHOT</string>
    </entry>
  </modules>
  <items class="linked-hash-set" id="4">
    <org.openmrs.module.metadatasharing.Item id="5" uuid="ba158c33-dc43-4306-9a4a-b4075751d36c">
      <id>2</id>
      <classname>org.openmrs.Location</classname>
      <dateChanged id="6">2016-02-25 13:15:09</dateChanged>
      <retired>false</retired>
    </org.openmrs.module.metadatasharing.Item>
    <org.openmrs.module.metadatasharing.Item id="7" uuid="8d6c993e-c2cc-11de-8d13-0010c6dffd0f">
      <id>1</id>
      <classname>org.openmrs.Location</classname>
      <dateChanged id="8">2016-02-25 13:15:09</dateChanged>
      <retired>false</retired>
    </org.openmrs.module.metadatasharing.Item>
    <org.openmrs.module.metadatasharing.Item id="9" uuid="86863db4-6101-4ecf-9a86-5e716d6504e4">
      <id>4</id>
      <classname>org.openmrs.Location</classname>
      <dateChanged id="10">2016-02-25 13:15:09</dateChanged>
      <retired>false</retired>
    </org.openmrs.module.metadatasharing.Item>
    <org.openmrs.module.metadatasharing.Item id="11" uuid="8f96e239-8586-4ec6-9375-04c6e19628ae">
      <id>5</id>
      <classname>org.openmrs.Location</classname>
      <dateChanged id="12">2016-02-25 13:16:32</dateChanged>
      <retired>false</retired>
    </org.openmrs.module.metadatasharing.Item>
    <org.openmrs.module.metadatasharing.Item id="13" uuid="e9bc61b5-69ff-414b-9cf0-0c22d6dfca2b">
      <id>3</id>
      <classname>org.openmrs.Location</classname>
      <dateChanged id="14">2016-02-25 13:15:09</dateChanged>
      <retired>false</retired>
    </org.openmrs.module.metadatasharing.Item>
    <org.openmrs.module.metadatasharing.Item id="15" uuid="1c783dca-fd54-4ea8-a0fc-2875374e9cb6">
      <id>2</id>
      <classname>org.openmrs.LocationTag</classname>
      <dateChanged id="16">2016-02-25 13:15:09</dateChanged>
      <retired>false</retired>
    </org.openmrs.module.metadatasharing.Item>
    <org.openmrs.module.metadatasharing.Item id="17" uuid="b8bbf83e-645f-451f-8efe-a0db56f09676">
      <id>1</id>
      <classname>org.openmrs.LocationTag</classname>
      <dateChanged id="18">2016-02-25 13:15:09</dateChanged>
      <retired>false</retired>
    </org.openmrs.module.metadatasharing.Item>
    <org.openmrs.module.metadatasharing.Item id="19" uuid="8d4626ca-7abd-42ad-be48-56767bbcf272">
      <id>3</id>
      <classname>org.openmrs.LocationTag</classname>
      <dateChanged id="20">2016-02-25 13:15:09</dateChanged>
      <retired>false</retired>
    </org.openmrs.module.metadatasharing.Item>
    <org.openmrs.module.metadatasharing.Item id="21" uuid="37dd4458-dc9e-4ae6-a1f1-789c1162d37b">
      <id>4</id>
      <classname>org.openmrs.LocationTag</classname>
      <dateChanged id="22">2016-02-25 13:15:09</dateChanged>
      <retired>false</retired>
    </org.openmrs.module.metadatasharing.Item>
  </items>
  <relatedItems class="linked-hash-set" id="23"/>
  <incrementalVersion>false</incrementalVersion>
</package>
