<?xml version="1.0" encoding="UTF-8"?>
<package id="1" uuid="fdaaaf66-085c-48ee-a5e9-dd3f00c82a81">
  <dateCreated id="2">2016-02-20 12:40:01</dateCreated>
  <name>Location_and_Location_Tags</name>
  <description>Metasharing for login session locations</description>
  <openmrsVersion>1.11.5  Build a0c979</openmrsVersion>
  <version>1</version>
  <groupUuid>a54d8e1a-1da1-4a60-96ce-8395b995bbd2</groupUuid>
  <modules id="3">
    <entry>
      <string>uilibrary</string>
      <string>2.0.4</string>
    </entry>
    <entry>
      <string>dataexchange</string>
      <string>1.3.1</string>
    </entry>
    <entry>
      <string>appointmentscheduling</string>
      <string>1.4</string>
    </entry>
    <entry>
      <string>webservices.rest</string>
      <string>2.12.474b25</string>
    </entry>
    <entry>
      <string>uicommons</string>
      <string>1.7</string>
    </entry>
    <entry>
      <string>htmlformentry</string>
      <string>2.6</string>
    </entry>
    <entry>
      <string>appointmentschedulingui</string>
      <string>1.0.3</string>
    </entry>
    <entry>
      <string>allergyapi</string>
      <string>1.3</string>
    </entry>
    <entry>
      <string>calculation</string>
      <string>1.1</string>
    </entry>
    <entry>
      <string>providermanagement</string>
      <string>2.3</string>
    </entry>
    <entry>
      <string>chartsearch</string>
      <string>1.4.1</string>
    </entry>
    <entry>
      <string>event</string>
      <string>2.2.1</string>
    </entry>
    <entry>
      <string>coreapps</string>
      <string>1.9-SNAPSHOT</string>
    </entry>
    <entry>
      <string>formfilter</string>
      <string>1.0.0</string>
    </entry>
    <entry>
      <string>htmlformentry19ext</string>
      <string>1.6.1</string>
    </entry>
    <entry>
      <string>registrationcore</string>
      <string>1.3</string>
    </entry>
    <entry>
      <string>addresshierarchy</string>
      <string>2.7</string>
    </entry>
    <entry>
      <string>serialization.xstream</string>
      <string>0.2.9</string>
    </entry>
    <entry>
      <string>htmlwidgets</string>
      <string>1.7.0</string>
    </entry>
    <entry>
      <string>aijar</string>
      <string>1.0-SNAPSHOT</string>
    </entry>
    <entry>
      <string>referenceapplication</string>
      <string>2.4-SNAPSHOT</string>
    </entry>
    <entry>
      <string>appui</string>
      <string>1.4</string>
    </entry>
    <entry>
      <string>validation</string>
      <string>1.0.1</string>
    </entry>
    <entry>
      <string>metadatadeploy</string>
      <string>1.7</string>
    </entry>
    <entry>
      <string>uiframework</string>
      <string>3.4</string>
    </entry>
    <entry>
      <string>adminui</string>
      <string>1.0</string>
    </entry>
    <entry>
      <string>metadatamapping</string>
      <string>1.0.2</string>
    </entry>
    <entry>
      <string>referencemetadata</string>
      <string>2.3.1</string>
    </entry>
    <entry>
      <string>reportingrest</string>
      <string>1.5</string>
    </entry>
    <entry>
      <string>appframework</string>
      <string>2.5-SNAPSHOT</string>
    </entry>
    <entry>
      <string>htmlformentryui</string>
      <string>1.3</string>
    </entry>
    <entry>
      <string>registrationapp</string>
      <string>1.4</string>
    </entry>
    <entry>
      <string>emrapi</string>
      <string>1.12</string>
    </entry>
    <entry>
      <string>allergyui</string>
      <string>1.2</string>
    </entry>
    <entry>
      <string>idgen</string>
      <string>3.2</string>
    </entry>
    <entry>
      <string>reporting</string>
      <string>0.9.8.1</string>
    </entry>
    <entry>
      <string>metadatasharing</string>
      <string>1.2-SNAPSHOT</string>
    </entry>
    <entry>
      <string>formentryapp</string>
      <string>1.2</string>
    </entry>
    <entry>
      <string>atlas</string>
      <string>2.2-SNAPSHOT</string>
    </entry>
  </modules>
  <items class="linked-hash-set" id="4">
    <org.openmrs.module.metadatasharing.Item id="5" uuid="ba158c33-dc43-4306-9a4a-b4075751d36c">
      <id>4</id>
      <classname>org.openmrs.Location</classname>
      <dateChanged id="6">2016-02-20 12:23:00</dateChanged>
      <retired>false</retired>
    </org.openmrs.module.metadatasharing.Item>
    <org.openmrs.module.metadatasharing.Item id="7" uuid="8d6c993e-c2cc-11de-8d13-0010c6dffd0f">
      <id>1</id>
      <classname>org.openmrs.Location</classname>
      <dateChanged id="8">2016-02-20 12:33:36</dateChanged>
      <retired>false</retired>
    </org.openmrs.module.metadatasharing.Item>
    <org.openmrs.module.metadatasharing.Item id="9" uuid="86863db4-6101-4ecf-9a86-5e716d6504e4">
      <id>3</id>
      <classname>org.openmrs.Location</classname>
      <dateChanged id="10">2016-02-20 12:19:21</dateChanged>
      <retired>false</retired>
    </org.openmrs.module.metadatasharing.Item>
    <org.openmrs.module.metadatasharing.Item id="11" uuid="8f96e239-8586-4ec6-9375-04c6e19628ae">
      <id>5</id>
      <classname>org.openmrs.Location</classname>
      <dateChanged id="12">2016-02-20 12:16:36</dateChanged>
      <retired>false</retired>
    </org.openmrs.module.metadatasharing.Item>
    <org.openmrs.module.metadatasharing.Item id="13" uuid="e9bc61b5-69ff-414b-9cf0-0c22d6dfca2b">
      <id>2</id>
      <classname>org.openmrs.Location</classname>
      <dateChanged id="14">2016-02-20 12:12:45</dateChanged>
      <retired>false</retired>
    </org.openmrs.module.metadatasharing.Item>
  </items>
  <relatedItems class="linked-hash-set" id="15">
    <org.openmrs.module.metadatasharing.Item id="16" uuid="b8bbf83e-645f-451f-8efe-a0db56f09676">
      <id>1</id>
      <classname>org.openmrs.LocationTag</classname>
      <dateChanged id="17">2016-01-26 07:42:45</dateChanged>
      <retired>false</retired>
    </org.openmrs.module.metadatasharing.Item>
    <org.openmrs.module.metadatasharing.Item id="18" uuid="1c783dca-fd54-4ea8-a0fc-2875374e9cb6">
      <id>2</id>
      <classname>org.openmrs.LocationTag</classname>
      <dateChanged id="19">2013-08-01 23:43:47</dateChanged>
      <retired>false</retired>
    </org.openmrs.module.metadatasharing.Item>
    <org.openmrs.module.metadatasharing.Item id="20" uuid="8d4626ca-7abd-42ad-be48-56767bbcf272">
      <id>3</id>
      <classname>org.openmrs.LocationTag</classname>
      <dateChanged id="21">2013-08-01 23:44:55</dateChanged>
      <retired>false</retired>
    </org.openmrs.module.metadatasharing.Item>
    <org.openmrs.module.metadatasharing.Item id="22" uuid="37dd4458-dc9e-4ae6-a1f1-789c1162d37b">
      <id>4</id>
      <classname>org.openmrs.LocationTag</classname>
      <dateChanged id="23">2013-08-01 23:45:29</dateChanged>
      <retired>false</retired>
    </org.openmrs.module.metadatasharing.Item>
  </relatedItems>
</package>
