<?xml version="1.0" encoding="UTF-8"?>
<package id="1" uuid="c36b5421-afc1-4071-a8b9-a57072fe1371">
  <dateCreated id="2">2017-03-20 03:00:17</dateCreated>
  <name>Location and Location Tags</name>
  <description>Location and Location tags for the Uganda EMR distribution</description>
  <openmrsVersion>1.11.7  Build 683779</openmrsVersion>
  <version>4</version>
  <groupUuid>4438cce1-f3b8-41cf-9cff-144f2199add0</groupUuid>
  <modules id="3">
    <entry>
      <string>calculation</string>
      <string>1.2</string>
    </entry>
    <entry>
      <string>dhisconnector</string>
      <string>0.1.4-SNAPSHOT</string>
    </entry>
    <entry>
      <string>referenceapplication</string>
      <string>2.5</string>
    </entry>
    <entry>
      <string>metadatadeploy</string>
      <string>1.7</string>
    </entry>
    <entry>
      <string>appointmentscheduling</string>
      <string>1.5</string>
    </entry>
    <entry>
      <string>ugandaemrreports</string>
      <string>1.0.4-SNAPSHOT</string>
    </entry>
    <entry>
      <string>atlas</string>
      <string>2.2</string>
    </entry>
    <entry>
      <string>metadatasharing</string>
      <string>1.2.3-SNAPSHOT</string>
    </entry>
    <entry>
      <string>databasebackup</string>
      <string>1.2.5</string>
    </entry>
    <entry>
      <string>allergyui</string>
      <string>1.5</string>
    </entry>
    <entry>
      <string>formentryapp</string>
      <string>1.2</string>
    </entry>
    <entry>
      <string>chartsearch</string>
      <string>1.6</string>
    </entry>
    <entry>
      <string>providermanagement</string>
      <string>2.4</string>
    </entry>
    <entry>
      <string>htmlwidgets</string>
      <string>1.7.2</string>
    </entry>
    <entry>
      <string>dataexchange</string>
      <string>1.3.2</string>
    </entry>
    <entry>
      <string>addresshierarchy</string>
      <string>2.9</string>
    </entry>
    <entry>
      <string>reportingrest</string>
      <string>1.6</string>
    </entry>
    <entry>
      <string>uiframework</string>
      <string>3.9</string>
    </entry>
    <entry>
      <string>reportingui</string>
      <string>1.2</string>
    </entry>
    <entry>
      <string>referencemetadata</string>
      <string>2.5.0</string>
    </entry>
    <entry>
      <string>event</string>
      <string>2.5</string>
    </entry>
    <entry>
      <string>uicommons</string>
      <string>2.1</string>
    </entry>
    <entry>
      <string>reporting</string>
      <string>0.10.4</string>
    </entry>
    <entry>
      <string>emrapi</string>
      <string>1.19</string>
    </entry>
    <entry>
      <string>registrationapp</string>
      <string>1.6</string>
    </entry>
    <entry>
      <string>xforms</string>
      <string>4.3.9</string>
    </entry>
    <entry>
      <string>idgen</string>
      <string>4.4.0</string>
    </entry>
    <entry>
      <string>htmlformentryui</string>
      <string>1.6.2-SNAPSHOT</string>
    </entry>
    <entry>
      <string>htmlformentry</string>
      <string>3.3.1</string>
    </entry>
    <entry>
      <string>allergyapi</string>
      <string>1.4</string>
    </entry>
    <entry>
      <string>reportingcompatibility</string>
      <string>1.5.11</string>
    </entry>
    <entry>
      <string>uilibrary</string>
      <string>2.0.4</string>
    </entry>
    <entry>
      <string>appframework</string>
      <string>2.9</string>
    </entry>
    <entry>
      <string>dataintegrity</string>
      <string>4.2.3</string>
    </entry>
    <entry>
      <string>webservices.rest</string>
      <string>2.14.dc38aa</string>
    </entry>
    <entry>
      <string>adminui</string>
      <string>1.1</string>
    </entry>
    <entry>
      <string>dhisreport</string>
      <string>2.0</string>
    </entry>
    <entry>
      <string>registrationcore</string>
      <string>1.6</string>
    </entry>
    <entry>
      <string>owa</string>
      <string>1.6.2</string>
    </entry>
    <entry>
      <string>metadatamapping</string>
      <string>1.2.0</string>
    </entry>
    <entry>
      <string>aijar</string>
      <string>1.0.15-SNAPSHOT</string>
    </entry>
    <entry>
      <string>coreapps</string>
      <string>1.11.2-SNAPSHOT</string>
    </entry>
    <entry>
      <string>appui</string>
      <string>1.7</string>
    </entry>
    <entry>
      <string>serialization.xstream</string>
      <string>0.2.12</string>
    </entry>
  </modules>
  <items class="linked-hash-set" id="4">
    <org.openmrs.module.metadatasharing.Item id="5" uuid="8d6c993e-c2cc-11de-8d13-0010c6dffd0f">
      <id>1</id>
      <classname>org.openmrs.Location</classname>
      <dateChanged id="6">2017-03-12 22:14:11</dateChanged>
      <retired>false</retired>
    </org.openmrs.module.metadatasharing.Item>
    <org.openmrs.module.metadatasharing.Item id="7" uuid="86863db4-6101-4ecf-9a86-5e716d6504e4">
      <id>6</id>
      <classname>org.openmrs.Location</classname>
      <dateChanged id="8">2017-03-12 22:14:11</dateChanged>
      <retired>false</retired>
    </org.openmrs.module.metadatasharing.Item>
    <org.openmrs.module.metadatasharing.Item id="9" uuid="8ab22b55-9a17-4121-bf08-6134a9a2439f">
      <id>7</id>
      <classname>org.openmrs.Location</classname>
      <dateChanged id="10">2017-03-08 16:04:15</dateChanged>
      <retired>false</retired>
    </org.openmrs.module.metadatasharing.Item>
    <org.openmrs.module.metadatasharing.Item id="11" uuid="ba158c33-dc43-4306-9a4a-b4075751d36c">
      <id>3</id>
      <classname>org.openmrs.Location</classname>
      <dateChanged id="12">2017-03-12 22:14:11</dateChanged>
      <retired>false</retired>
    </org.openmrs.module.metadatasharing.Item>
    <org.openmrs.module.metadatasharing.Item id="13" uuid="8f96e239-8586-4ec6-9375-04c6e19628ae">
      <id>4</id>
      <classname>org.openmrs.Location</classname>
      <dateChanged id="14">2017-03-12 22:14:11</dateChanged>
      <retired>false</retired>
    </org.openmrs.module.metadatasharing.Item>
    <org.openmrs.module.metadatasharing.Item id="15" uuid="629d78e9-93e5-43b0-ad8a-48313fd99117">
      <id>2</id>
      <classname>org.openmrs.Location</classname>
      <dateChanged id="16">2017-03-12 22:14:12</dateChanged>
      <retired>false</retired>
    </org.openmrs.module.metadatasharing.Item>
    <org.openmrs.module.metadatasharing.Item id="17" uuid="e9bc61b5-69ff-414b-9cf0-0c22d6dfca2b">
      <id>5</id>
      <classname>org.openmrs.Location</classname>
      <dateChanged id="18">2017-03-12 22:14:11</dateChanged>
      <retired>false</retired>
    </org.openmrs.module.metadatasharing.Item>
  </items>
  <relatedItems class="linked-hash-set" id="19">
    <org.openmrs.module.metadatasharing.Item id="20" uuid="37dd4458-dc9e-4ae6-a1f1-789c1162d37b">
      <id>4</id>
      <classname>org.openmrs.LocationTag</classname>
      <dateChanged id="21">2017-03-12 22:14:11</dateChanged>
      <retired>false</retired>
    </org.openmrs.module.metadatasharing.Item>
    <org.openmrs.module.metadatasharing.Item id="22" uuid="8d4626ca-7abd-42ad-be48-56767bbcf272">
      <id>3</id>
      <classname>org.openmrs.LocationTag</classname>
      <dateChanged id="23">2017-03-12 22:14:11</dateChanged>
      <retired>false</retired>
    </org.openmrs.module.metadatasharing.Item>
    <org.openmrs.module.metadatasharing.Item id="24" uuid="1c783dca-fd54-4ea8-a0fc-2875374e9cb6">
      <id>2</id>
      <classname>org.openmrs.LocationTag</classname>
      <dateChanged id="25">2017-03-12 22:14:11</dateChanged>
      <retired>false</retired>
    </org.openmrs.module.metadatasharing.Item>
    <org.openmrs.module.metadatasharing.Item id="26" uuid="b8bbf83e-645f-451f-8efe-a0db56f09676">
      <id>1</id>
      <classname>org.openmrs.LocationTag</classname>
      <dateChanged id="27">2017-03-12 22:14:11</dateChanged>
      <retired>false</retired>
    </org.openmrs.module.metadatasharing.Item>
  </relatedItems>
  <incrementalVersion>false</incrementalVersion>
</package>
